{"count":1,"gauges":{"RollerBallBrain.CumulativeReward":{"count":56293,"max":1,"min":0,"value":1,"weightedAverage":0.9999999}},"self":229.9602688,"total":642.4987679,"children":{"AgentSendState":{"count":333384,"self":7.9525872,"total":14.787498999999999,"children":{"CollectObservations":{"count":500085,"self":1.4056658,"total":1.4056658,"children":null},"CollectDiscreteActionMasks":{"count":500085,"self":0.6560152,"total":0.6560152,"children":null},"AgentInfo.ToProto":{"count":500085,"self":2.2472437999999997,"total":4.7732307,"children":{"GenerateSensorData":{"count":500085,"self":2.5259868,"total":2.5259869,"children":null}}}}},"DecideAction":{"count":333384,"self":389.6498688,"total":389.64988059999996,"children":null},"AgentAct":{"count":333384,"self":7.1909823999999993,"total":8.1001174,"children":{"AgentInfo.ToProto":{"count":56293,"self":0.35238759999999997,"total":0.90913519999999992,"children":{"GenerateSensorData":{"count":56293,"self":0.5567476,"total":0.5567476,"children":null}}}}}}}