{"count":1,"gauges":{"RollerBallBrain_change.CumulativeReward":{"count":59,"max":1,"min":0,"value":0,"weightedAverage":0.0250608884}},"self":7.5738512,"total":19.4624128,"children":{"AgentSendState":{"count":10401,"self":0.0660969,"total":0.0975043,"children":{"CollectObservations":{"count":1041,"self":0.0048982999999999995,"total":0.0048982999999999995,"children":null},"CollectDiscreteActionMasks":{"count":1041,"self":0,"total":0,"children":null},"AgentInfo.ToProto":{"count":1041,"self":0.012745399999999999,"total":0.026509099999999997,"children":{"GenerateSensorData":{"count":1041,"self":0.0137637,"total":0.0137637,"children":null}}}}},"DecideAction":{"count":10401,"self":4.8836284,"total":4.8836284,"children":null},"AgentAct":{"count":10401,"self":6.9034128,"total":6.9063985999999993,"children":{"AgentInfo.ToProto":{"count":59,"self":0,"total":0.0029858,"children":{"GenerateSensorData":{"count":59,"self":0.0029858,"total":0.0029858,"children":null}}}}}}}